{"cameraMode":{"drawMode":0,"name":"Shaded","section":"Shading Mode"},"sceneLighting":false,"audioPlay":false,"sceneViewState":{"showFog":true,"showMaterialUpdate":true,"showSkybox":false,"showFlares":true,"showImageEffects":true,"showParticleSystems":true},"in2DMode":false,"pivot":{"x":-33.959999084472659,"y":0.8634936809539795,"z":57.66999816894531},"rotation":{"x":0.27804234623908999,"y":0.10491905361413956,"z":-0.03056790493428707,"w":0.9543322920799255},"size":8.527547836303711,"orthographic":false}