{"cameraMode":{"drawMode":0,"name":"Shaded","section":"Shading Mode"},"sceneLighting":true,"audioPlay":false,"sceneViewState":{"showFog":true,"showMaterialUpdate":true,"showSkybox":true,"showFlares":true,"showImageEffects":true,"showParticleSystems":true},"in2DMode":false,"pivot":{"x":6.476059436798096,"y":1.4062389135360718,"z":12.844169616699219},"rotation":{"x":0.35785070061683657,"y":0.012605467811226845,"z":-0.004831255413591862,"w":0.9336814284324646},"size":2.3002076148986818,"orthographic":false}